customer_id,service_type,Hora_Llegada,Hora_Atencion,Hora_Salida,Tiempo_Servicio,Tiempo_Entre_Llegadas
1,Servicio al Cliente,09:00:06,09:00:06,09:00:48,00:00:41,00:00:06
2,Servicio al Cliente,09:01:42,09:01:42,09:03:32,00:01:50,00:01:35
3,Caja Preferencial,09:01:46,09:01:46,09:02:22,00:00:35,00:00:04
4,Caja General,09:01:52,09:01:52,09:04:34,00:02:41,00:00:06
5,Servicio al Cliente,09:02:40,09:02:40,09:05:17,00:02:37,00:00:47
6,Caja General,09:03:03,09:03:03,09:06:06,00:03:02,00:00:23
7,Caja Preferencial,09:03:16,09:03:16,09:05:28,00:02:11,00:00:13
8,Caja General,09:04:58,09:04:58,09:07:45,00:02:46,00:01:41
9,Caja General,09:05:09,09:05:09,09:06:39,00:01:30,00:00:11
10,Caja General,09:05:50,09:05:50,09:06:33,00:00:43,00:00:40
11,Caja Preferencial,09:07:09,09:07:09,09:08:34,00:01:24,00:01:19
12,Caja General,09:07:13,09:07:13,09:10:20,00:03:06,00:00:04
13,Caja General,09:07:43,09:07:43,09:10:12,00:02:28,00:00:30
14,Servicio al Cliente,09:08:06,09:08:06,09:12:21,00:04:15,00:00:22
15,ATM,09:09:22,09:09:22,09:09:35,00:00:13,00:01:15
16,Caja General,09:10:09,09:10:09,09:13:01,00:02:52,00:00:47
17,Caja General,09:10:38,09:10:38,09:13:14,00:02:35,00:00:29
18,ATM,09:11:41,09:11:41,09:12:19,00:00:38,00:01:02
19,Servicio al Cliente,09:12:23,09:12:23,09:15:52,00:03:29,00:00:42
20,Caja Preferencial,09:12:26,09:12:26,09:13:42,00:01:16,00:00:02
21,ATM,09:13:02,09:13:02,09:13:29,00:00:27,00:00:35
22,Servicio al Cliente,09:15:04,09:15:04,09:19:34,00:04:30,00:02:02
23,ATM,09:15:08,09:15:08,09:15:37,00:00:28,00:00:04
24,ATM,09:15:24,09:15:24,09:15:47,00:00:23,00:00:15
25,Caja General,09:15:27,09:15:27,09:17:48,00:02:21,00:00:03
26,Servicio al Cliente,09:15:32,09:15:32,09:17:23,00:01:51,00:00:05
27,Caja General,09:15:59,09:15:59,09:16:27,00:00:28,00:00:26
28,Caja General,09:16:36,09:16:36,09:17:35,00:00:59,00:00:36
29,Caja Preferencial,09:16:42,09:16:42,09:17:57,00:01:14,00:00:06
30,ATM,09:16:43,09:16:43,09:17:40,00:00:57,00:00:01
31,ATM,09:17:04,09:17:04,09:17:31,00:00:26,00:00:21
32,ATM,09:18:29,09:18:29,09:19:23,00:00:54,00:01:24
33,Caja General,09:20:04,09:20:04,09:24:48,00:04:44,00:01:34
34,Servicio al Cliente,09:21:13,09:21:13,09:23:49,00:02:36,00:01:08
35,ATM,09:21:32,09:21:32,09:22:24,00:00:52,00:00:18
36,Servicio al Cliente,09:21:56,09:21:56,09:24:54,00:02:58,00:00:23
37,ATM,09:25:07,09:25:07,09:26:24,00:01:17,00:03:11
38,Caja General,09:25:15,09:25:15,09:28:11,00:02:56,00:00:08
39,Caja General,09:26:01,09:26:01,09:26:13,00:00:11,00:00:46
40,ATM,09:28:12,09:28:12,09:28:49,00:00:37,00:02:10
41,Caja Preferencial,09:28:24,09:28:24,09:29:58,00:01:34,00:00:11
42,Caja General,09:28:54,09:28:54,09:32:08,00:03:13,00:00:30
43,ATM,09:29:48,09:29:48,09:30:55,00:01:06,00:00:54
44,Caja General,09:30:24,09:30:24,09:34:10,00:03:46,00:00:35
45,Caja General,09:30:45,09:30:45,09:32:07,00:01:22,00:00:20
46,Caja General,09:31:16,09:31:16,09:37:25,00:06:08,00:00:31
47,Caja General,09:31:51,09:31:51,09:33:42,00:01:50,00:00:35
48,ATM,09:32:03,09:32:03,09:32:40,00:00:37,00:00:11
49,ATM,09:33:03,09:33:03,09:33:31,00:00:28,00:01:00
50,ATM,09:33:08,09:33:08,09:33:43,00:00:34,00:00:04
51,Caja General,09:33:45,09:33:45,09:37:18,00:03:32,00:00:37
52,ATM,09:34:06,09:34:06,09:34:36,00:00:29,00:00:21
53,ATM,09:34:57,09:34:57,09:35:37,00:00:39,00:00:50
54,Servicio al Cliente,09:35:19,09:35:19,09:40:53,00:05:33,00:00:21
55,ATM,09:36:37,09:36:37,09:36:59,00:00:22,00:01:17
56,Caja General,09:38:21,09:38:21,09:40:21,00:02:00,00:01:43
57,Caja Preferencial,09:39:16,09:39:16,09:42:03,00:02:46,00:00:55
58,Caja Preferencial,09:42:31,09:42:31,09:42:53,00:00:22,00:03:14
59,Caja General,09:43:28,09:43:28,09:44:35,00:01:06,00:00:56
60,ATM,09:44:39,09:44:39,09:46:00,00:01:20,00:01:11
61,Caja General,09:46:09,09:46:09,09:49:13,00:03:04,00:01:29
62,ATM,09:46:34,09:46:34,09:47:57,00:01:22,00:00:25
63,Servicio al Cliente,09:47:04,09:47:04,09:48:27,00:01:23,00:00:29
64,Caja General,09:47:31,09:47:31,09:49:13,00:01:42,00:00:26
65,ATM,09:47:35,09:47:35,09:47:55,00:00:20,00:00:04
66,Caja General,09:48:44,09:48:44,09:51:39,00:02:55,00:01:08
67,Caja General,09:50:23,09:50:23,09:55:40,00:05:17,00:01:38
68,ATM,09:52:46,09:52:46,09:53:28,00:00:42,00:02:23
69,Servicio al Cliente,09:53:48,09:53:48,10:01:29,00:07:41,00:01:02
70,Caja General,09:54:27,09:54:27,09:56:31,00:02:04,00:00:39
71,Caja General,09:54:31,09:54:31,09:55:28,00:00:56,00:00:04
72,Caja General,09:55:03,09:55:03,10:01:13,00:06:10,00:00:31
73,ATM,09:55:25,09:55:25,09:56:24,00:00:59,00:00:21
74,Caja General,09:56:07,09:56:07,09:59:10,00:03:03,00:00:41
75,Servicio al Cliente,09:58:19,09:58:19,10:08:39,00:10:19,00:02:12
76,Servicio al Cliente,09:59:37,09:59:37,10:08:27,00:08:50,00:01:17
77,Caja Preferencial,09:59:39,09:59:39,10:00:52,00:01:13,00:00:01
78,Caja Preferencial,09:59:41,09:59:41,10:00:44,00:01:02,00:00:02
79,Servicio al Cliente,09:59:59,09:59:59,10:01:20,00:01:21,00:00:17
80,Caja Preferencial,10:00:08,10:00:08,10:01:32,00:01:23,00:00:08
81,Servicio al Cliente,10:00:57,10:00:57,10:08:06,00:07:09,00:00:48
82,Servicio al Cliente,10:01:09,10:01:09,10:06:21,00:05:12,00:00:12
83,Caja General,10:02:56,10:02:56,10:03:18,00:00:22,00:01:47
84,Servicio al Cliente,10:04:31,10:04:31,10:07:02,00:02:31,00:01:35
85,ATM,10:05:50,10:05:50,10:06:52,00:01:02,00:01:18
86,Caja General,10:06:23,10:06:23,10:08:03,00:01:40,00:00:32
87,Servicio al Cliente,10:07:41,10:07:41,10:11:37,00:03:55,00:01:18
88,Caja General,10:08:12,10:08:12,10:10:44,00:02:32,00:00:30
89,Caja General,10:08:59,10:08:59,10:11:43,00:02:43,00:00:47
90,Caja General,10:11:13,10:11:13,10:12:20,00:01:07,00:02:13
91,Caja General,10:11:28,10:11:28,10:12:30,00:01:02,00:00:14
92,Caja General,10:11:36,10:11:36,10:17:37,00:06:00,00:00:08
93,ATM,10:13:29,10:13:29,10:13:52,00:00:23,00:01:52
94,Caja Preferencial,10:14:42,10:14:42,10:16:39,00:01:57,00:01:12
95,Caja General,10:15:38,10:15:38,10:17:18,00:01:40,00:00:56
96,ATM,10:16:10,10:16:10,10:16:47,00:00:37,00:00:32
97,Caja General,10:17:46,10:17:46,10:19:29,00:01:43,00:01:35
98,ATM,10:17:49,10:17:49,10:18:19,00:00:30,00:00:02
99,ATM,10:18:14,10:18:14,10:19:09,00:00:54,00:00:25
100,ATM,10:19:32,10:19:32,10:21:30,00:01:58,00:01:17
101,ATM,10:23:31,10:23:31,10:23:54,00:00:22,00:03:58
102,Caja General,10:23:37,10:23:37,10:25:38,00:02:01,00:00:06
103,ATM,10:25:30,10:25:30,10:25:46,00:00:15,00:01:53
104,Servicio al Cliente,10:25:40,10:25:40,10:27:04,00:01:23,00:00:09
105,Servicio al Cliente,10:27:03,10:27:03,10:35:30,00:08:26,00:01:23
106,Caja General,10:29:54,10:29:54,10:31:59,00:02:05,00:02:50
107,Caja General,10:29:58,10:29:58,10:34:53,00:04:54,00:00:04
108,Caja Preferencial,10:31:44,10:31:44,10:34:20,00:02:35,00:01:46
109,Servicio al Cliente,10:31:55,10:31:55,10:37:33,00:05:37,00:00:10
110,Caja General,10:34:02,10:34:02,10:37:08,00:03:05,00:02:06
111,ATM,10:34:09,10:34:09,10:34:38,00:00:28,00:00:07
112,Caja Preferencial,10:34:45,10:34:45,10:36:15,00:01:29,00:00:35
113,ATM,10:35:21,10:35:21,10:35:42,00:00:21,00:00:35
114,Caja General,10:35:23,10:35:23,10:39:41,00:04:17,00:00:02
115,Caja General,10:35:28,10:35:28,10:38:38,00:03:09,00:00:05
116,Servicio al Cliente,10:36:29,10:36:29,10:39:29,00:03:00,00:01:00
117,ATM,10:39:42,10:39:42,10:40:24,00:00:42,00:03:13
118,Caja General,10:41:00,10:41:00,10:45:05,00:04:04,00:01:17
119,Caja Preferencial,10:41:08,10:41:08,10:42:24,00:01:15,00:00:08
120,Caja Preferencial,10:41:41,10:41:41,10:43:17,00:01:35,00:00:32
121,Caja General,10:44:11,10:44:11,10:45:13,00:01:01,00:02:30
122,Caja General,10:45:38,10:45:38,10:46:27,00:00:49,00:01:26
123,Caja General,10:45:40,10:45:40,10:47:13,00:01:32,00:00:02
124,Caja General,10:45:41,10:45:41,10:47:31,00:01:50,00:00:00
125,Caja Preferencial,10:45:48,10:45:48,10:47:23,00:01:34,00:00:07
126,Caja General,10:46:30,10:46:30,10:48:53,00:02:22,00:00:41
127,ATM,10:47:39,10:47:39,10:48:16,00:00:37,00:01:09
128,ATM,10:48:15,10:48:15,10:49:08,00:00:53,00:00:35
129,Caja Preferencial,10:48:33,10:48:33,10:50:47,00:02:13,00:00:18
130,Caja General,10:48:48,10:48:48,10:51:40,00:02:52,00:00:14
131,Caja General,10:49:55,10:49:55,10:53:25,00:03:30,00:01:06
132,ATM,10:50:07,10:50:07,10:50:33,00:00:25,00:00:12
133,Caja General,10:50:16,10:50:16,10:52:56,00:02:39,00:00:08
134,ATM,10:50:39,10:50:39,10:50:50,00:00:10,00:00:22
135,Servicio al Cliente,10:50:43,10:50:43,10:55:26,00:04:43,00:00:04
136,Servicio al Cliente,10:55:14,10:55:14,10:57:52,00:02:37,00:04:30
137,Caja General,10:55:58,10:55:58,10:58:49,00:02:51,00:00:43
138,Caja Preferencial,10:56:52,10:56:52,10:57:48,00:00:56,00:00:54
139,Caja General,10:57:28,10:57:28,10:59:32,00:02:03,00:00:35
140,ATM,10:58:07,10:58:07,10:59:15,00:01:07,00:00:38
141,Caja Preferencial,10:58:13,10:58:13,10:58:36,00:00:22,00:00:06
142,Caja Preferencial,10:58:49,10:58:49,11:01:05,00:02:16,00:00:35
143,Servicio al Cliente,10:59:33,10:59:33,11:01:28,00:01:54,00:00:44
144,Caja General,10:59:37,10:59:37,11:01:53,00:02:16,00:00:03
145,Caja Preferencial,10:59:40,10:59:40,11:03:21,00:03:41,00:00:03
146,Caja General,11:00:42,11:00:42,11:01:17,00:00:34,00:01:02
147,Caja General,11:00:45,11:00:45,11:02:45,00:01:59,00:00:03
148,ATM,11:02:06,11:02:06,11:02:46,00:00:40,00:01:20
149,Caja General,11:02:37,11:02:37,11:04:24,00:01:46,00:00:30
150,ATM,11:02:40,11:02:40,11:03:16,00:00:36,00:00:02
151,ATM,11:03:04,11:03:04,11:04:13,00:01:09,00:00:23
152,Caja General,11:03:18,11:03:18,11:05:54,00:02:35,00:00:14
153,Servicio al Cliente,11:04:52,11:04:52,11:09:32,00:04:40,00:01:33
154,ATM,11:05:16,11:05:16,11:05:56,00:00:40,00:00:23
155,ATM,11:06:19,11:06:19,11:06:50,00:00:31,00:01:03
156,Caja Preferencial,11:09:56,11:09:56,11:12:28,00:02:32,00:03:36
157,ATM,11:12:13,11:12:13,11:13:12,00:00:59,00:02:16
158,ATM,11:12:17,11:12:17,11:13:11,00:00:54,00:00:04
159,ATM,11:13:50,11:13:50,11:14:15,00:00:24,00:01:33
160,ATM,11:13:59,11:13:59,11:14:35,00:00:35,00:00:08
161,ATM,11:14:29,11:14:29,11:14:55,00:00:26,00:00:29
162,ATM,11:14:35,11:14:35,11:15:08,00:00:33,00:00:06
163,Caja General,11:15:35,11:15:35,11:16:08,00:00:33,00:01:00
164,Caja General,11:17:15,11:17:15,11:17:37,00:00:21,00:01:40
165,ATM,11:18:26,11:18:26,11:19:14,00:00:47,00:01:10
166,ATM,11:18:43,11:18:43,11:19:01,00:00:18,00:00:16
167,ATM,11:18:44,11:18:44,11:19:57,00:01:13,00:00:00
168,Caja General,11:19:27,11:19:27,11:21:26,00:01:59,00:00:43
169,ATM,11:19:38,11:19:38,11:20:21,00:00:43,00:00:10
170,Caja General,11:21:54,11:21:54,11:23:15,00:01:21,00:02:15
171,ATM,11:24:50,11:24:50,11:25:38,00:00:48,00:02:56
172,ATM,11:27:11,11:27:11,11:27:51,00:00:40,00:02:20
173,Caja General,11:27:31,11:27:31,11:28:23,00:00:51,00:00:20
174,Caja General,11:28:31,11:28:31,11:31:51,00:03:20,00:01:00
175,ATM,11:29:14,11:29:14,11:29:43,00:00:28,00:00:43
176,ATM,11:30:18,11:30:18,11:30:55,00:00:37,00:01:03
177,Caja General,11:31:03,11:31:03,11:32:09,00:01:05,00:00:45
178,ATM,11:31:48,11:31:48,11:32:35,00:00:46,00:00:45
179,Caja General,11:32:02,11:32:02,11:35:56,00:03:54,00:00:13
180,Servicio al Cliente,11:32:07,11:32:07,11:39:22,00:07:14,00:00:05
181,ATM,11:32:13,11:32:13,11:33:04,00:00:51,00:00:05
182,Caja General,11:32:20,11:32:20,11:34:49,00:02:29,00:00:07
183,ATM,11:32:22,11:32:22,11:33:01,00:00:38,00:00:02
184,ATM,11:33:25,11:33:25,11:34:10,00:00:44,00:01:02
185,Caja General,11:33:26,11:33:26,11:34:13,00:00:47,00:00:01
186,Caja Preferencial,11:34:33,11:34:33,11:35:33,00:01:00,00:01:06
187,Caja General,11:36:01,11:36:01,11:36:45,00:00:43,00:01:28
188,ATM,11:36:43,11:36:43,11:37:13,00:00:30,00:00:41
189,Caja General,11:37:32,11:37:32,11:38:02,00:00:30,00:00:49
190,Caja Preferencial,11:38:21,11:38:21,11:40:21,00:01:59,00:00:49
191,ATM,11:38:26,11:38:26,11:39:12,00:00:45,00:00:05
192,Caja General,11:39:10,11:39:10,11:41:13,00:02:03,00:00:43
193,Servicio al Cliente,11:39:39,11:39:39,11:40:48,00:01:08,00:00:28
194,Caja General,11:39:47,11:39:47,11:41:29,00:01:42,00:00:08
195,ATM,11:40:10,11:40:10,11:40:55,00:00:44,00:00:23
196,Caja Preferencial,11:41:30,11:41:30,11:44:33,00:03:02,00:01:19
197,Caja Preferencial,11:43:01,11:43:01,11:44:01,00:00:59,00:01:30
198,Servicio al Cliente,11:44:29,11:44:29,11:46:55,00:02:26,00:01:27
199,ATM,11:44:59,11:44:59,11:45:35,00:00:35,00:00:30
200,ATM,11:46:43,11:46:43,11:47:07,00:00:24,00:01:43
201,Caja General,11:46:59,11:46:59,11:49:09,00:02:09,00:00:15
202,Caja General,11:48:15,11:48:15,11:54:29,00:06:14,00:01:15
203,Caja Preferencial,11:48:55,11:48:55,11:50:18,00:01:23,00:00:39
204,ATM,11:50:04,11:50:04,11:50:46,00:00:41,00:01:09
205,Caja General,11:51:17,11:51:17,11:55:54,00:04:36,00:01:12
206,Servicio al Cliente,11:51:35,11:51:35,11:52:37,00:01:02,00:00:17
207,ATM,11:52:14,11:52:14,11:53:27,00:01:13,00:00:38
208,Caja General,11:53:57,11:53:57,11:55:34,00:01:36,00:01:43
209,Servicio al Cliente,11:54:20,11:54:20,11:58:02,00:03:42,00:00:22
210,ATM,11:54:32,11:54:32,11:55:13,00:00:41,00:00:11
211,Caja Preferencial,11:54:54,11:54:54,11:57:17,00:02:23,00:00:22
212,Caja Preferencial,11:55:04,11:55:04,11:56:21,00:01:17,00:00:09
213,Caja Preferencial,11:55:05,11:55:05,11:57:07,00:02:01,00:00:01
214,Servicio al Cliente,11:57:17,11:57:17,12:00:33,00:03:15,00:02:11
215,Caja General,11:58:38,11:58:38,12:02:01,00:03:22,00:01:21
216,ATM,11:58:43,11:58:43,11:59:41,00:00:57,00:00:04
217,Caja General,11:58:46,11:58:46,12:07:10,00:08:24,00:00:03
218,Servicio al Cliente,11:59:52,11:59:52,12:02:50,00:02:57,00:01:05
219,Servicio al Cliente,12:00:10,12:00:10,12:02:31,00:02:20,00:00:18
220,Caja General,12:00:14,12:00:14,12:00:46,00:00:31,00:00:04
221,Caja Preferencial,12:03:47,12:03:47,12:06:08,00:02:21,00:03:32
222,Caja General,12:05:14,12:05:14,12:07:42,00:02:28,00:01:27
223,Caja General,12:05:47,12:05:47,12:06:20,00:00:33,00:00:32
224,Caja General,12:05:48,12:05:48,12:08:07,00:02:19,00:00:01
225,Caja General,12:06:07,12:06:07,12:09:10,00:03:03,00:00:18
226,ATM,12:06:15,12:06:15,12:06:49,00:00:34,00:00:07
227,Caja General,12:06:24,12:06:24,12:07:28,00:01:04,00:00:08
228,ATM,12:06:38,12:06:38,12:07:09,00:00:31,00:00:13
229,ATM,12:07:33,12:07:33,12:07:58,00:00:25,00:00:54
230,ATM,12:08:30,12:08:30,12:09:02,00:00:31,00:00:57
231,Caja General,12:10:18,12:10:18,12:10:52,00:00:33,00:01:48
232,ATM,12:10:32,12:10:32,12:11:15,00:00:43,00:00:13
233,ATM,12:12:11,12:12:11,12:13:09,00:00:58,00:01:38
234,Caja General,12:16:46,12:16:46,12:18:12,00:01:25,00:04:34
235,Caja General,12:18:43,12:18:43,12:24:05,00:05:22,00:01:57
236,Caja General,12:18:51,12:18:51,12:19:45,00:00:53,00:00:08
237,Caja General,12:19:51,12:19:51,12:20:15,00:00:23,00:01:00
238,Caja General,12:20:27,12:20:27,12:21:33,00:01:05,00:00:35
239,Servicio al Cliente,12:21:00,12:21:00,12:33:00,00:12:00,00:00:33
240,Servicio al Cliente,12:21:01,12:21:01,12:27:52,00:06:50,00:00:00
241,Servicio al Cliente,12:21:19,12:21:19,12:21:55,00:00:35,00:00:17
242,ATM,12:21:51,12:21:51,12:22:09,00:00:18,00:00:31
243,Caja General,12:22:57,12:22:57,12:23:23,00:00:25,00:01:06
244,ATM,12:24:08,12:24:08,12:24:33,00:00:25,00:01:10
245,ATM,12:24:32,12:24:32,12:25:16,00:00:43,00:00:24
246,Servicio al Cliente,12:25:11,12:25:11,12:33:47,00:08:36,00:00:38
247,Caja General,12:25:16,12:25:16,12:28:50,00:03:34,00:00:04
248,Caja General,12:26:09,12:26:09,12:27:53,00:01:43,00:00:53
249,ATM,12:26:29,12:26:29,12:26:54,00:00:25,00:00:19
250,Caja Preferencial,12:26:35,12:26:35,12:27:13,00:00:38,00:00:05
251,Servicio al Cliente,12:27:05,12:27:05,12:29:33,00:02:28,00:00:30
252,Servicio al Cliente,12:27:43,12:27:43,12:28:19,00:00:36,00:00:38
253,Caja General,12:27:45,12:27:45,12:30:30,00:02:44,00:00:01
254,Caja General,12:28:42,12:28:42,12:31:10,00:02:27,00:00:57
255,Caja Preferencial,12:28:53,12:28:53,12:30:10,00:01:16,00:00:10
256,Caja General,12:29:08,12:29:08,12:35:38,00:06:30,00:00:14
257,ATM,12:29:27,12:29:27,12:29:44,00:00:16,00:00:18
258,Caja General,12:29:53,12:29:53,12:32:17,00:02:24,00:00:25
259,Caja General,12:30:14,12:30:14,12:34:57,00:04:42,00:00:21
260,Caja General,12:30:15,12:30:15,12:30:50,00:00:34,00:00:01
261,Caja Preferencial,12:30:21,12:30:21,12:33:13,00:02:51,00:00:05
262,Caja Preferencial,12:30:28,12:30:28,12:31:59,00:01:30,00:00:07
263,ATM,12:31:09,12:31:09,12:31:37,00:00:28,00:00:40
264,Caja Preferencial,12:31:31,12:31:31,12:32:52,00:01:21,00:00:22
265,Servicio al Cliente,12:31:54,12:31:54,12:35:58,00:04:03,00:00:23
266,Caja Preferencial,12:32:47,12:32:47,12:36:12,00:03:25,00:00:52
267,ATM,12:33:31,12:33:31,12:33:50,00:00:19,00:00:44
268,ATM,12:33:35,12:33:35,12:34:19,00:00:43,00:00:04
269,Caja Preferencial,12:34:12,12:34:12,12:35:12,00:01:00,00:00:36
270,Caja General,12:35:15,12:35:15,12:36:32,00:01:17,00:01:02
271,ATM,12:35:38,12:35:38,12:36:21,00:00:42,00:00:23
272,ATM,12:36:04,12:36:04,12:36:20,00:00:15,00:00:26
273,Caja General,12:36:12,12:36:12,12:36:41,00:00:29,00:00:07
274,Caja Preferencial,12:37:39,12:37:39,12:39:11,00:01:32,00:01:26
275,Servicio al Cliente,12:38:23,12:38:23,12:42:58,00:04:34,00:00:44
276,Servicio al Cliente,12:38:36,12:38:36,12:42:11,00:03:35,00:00:12
277,Servicio al Cliente,12:38:39,12:38:39,12:40:13,00:01:33,00:00:03
278,ATM,12:38:48,12:38:48,12:39:11,00:00:23,00:00:08
279,ATM,12:43:03,12:43:03,12:43:35,00:00:32,00:04:15
280,Caja General,12:44:57,12:44:57,12:45:42,00:00:45,00:01:53
281,ATM,12:45:18,12:45:18,12:45:49,00:00:31,00:00:21
282,ATM,12:45:40,12:45:40,12:46:02,00:00:22,00:00:21
283,Caja Preferencial,12:46:07,12:46:07,12:49:52,00:03:44,00:00:27
284,Servicio al Cliente,12:46:10,12:46:10,12:49:09,00:02:58,00:00:03
285,Servicio al Cliente,12:47:38,12:47:38,12:52:14,00:04:36,00:01:27
286,Servicio al Cliente,12:48:29,12:48:29,12:51:00,00:02:30,00:00:51
287,Caja General,12:48:31,12:48:31,12:50:24,00:01:52,00:00:01
288,Servicio al Cliente,12:55:43,12:55:43,12:56:40,00:00:57,00:07:11
289,ATM,12:56:26,12:56:26,12:57:32,00:01:05,00:00:43
290,Servicio al Cliente,12:57:24,12:57:24,13:00:59,00:03:35,00:00:57
291,Caja Preferencial,12:58:18,12:58:18,12:59:53,00:01:34,00:00:53
292,Caja General,12:59:09,12:59:09,13:01:45,00:02:35,00:00:51
293,ATM,12:59:29,12:59:29,12:59:47,00:00:18,00:00:19
294,ATM,13:01:08,13:01:08,13:01:29,00:00:21,00:01:38
295,Caja General,13:02:50,13:02:50,13:05:29,00:02:38,00:01:42
296,Servicio al Cliente,13:05:05,13:05:05,13:09:58,00:04:53,00:02:14
297,Caja General,13:06:44,13:06:44,13:09:06,00:02:21,00:01:39
298,Caja General,13:07:39,13:07:39,13:09:16,00:01:36,00:00:55
299,ATM,13:08:12,13:08:12,13:08:39,00:00:27,00:00:32
300,Caja General,13:08:19,13:08:19,13:10:31,00:02:12,00:00:06
301,Caja General,13:09:54,13:09:54,13:10:06,00:00:11,00:01:35
302,ATM,13:10:02,13:10:02,13:10:35,00:00:33,00:00:07
303,Caja General,13:11:06,13:11:06,13:13:44,00:02:37,00:01:04
304,Caja General,13:11:18,13:11:18,13:13:22,00:02:03,00:00:11
305,ATM,13:12:07,13:12:07,13:12:34,00:00:26,00:00:48
306,ATM,13:13:46,13:13:46,13:14:21,00:00:34,00:01:38
307,Caja Preferencial,13:14:15,13:14:15,13:15:27,00:01:11,00:00:29
308,ATM,13:14:50,13:14:50,13:15:24,00:00:33,00:00:35
309,Caja General,13:16:16,13:16:16,13:17:46,00:01:29,00:01:25
310,ATM,13:17:33,13:17:33,13:17:44,00:00:10,00:01:17
311,ATM,13:17:46,13:17:46,13:18:18,00:00:32,00:00:12
312,ATM,13:18:25,13:18:25,13:19:01,00:00:36,00:00:38
313,Caja General,13:20:03,13:20:03,13:22:52,00:02:49,00:01:37
314,Caja General,13:20:27,13:20:27,13:22:57,00:02:29,00:00:24
315,Servicio al Cliente,13:20:48,13:20:48,13:22:41,00:01:52,00:00:20
316,Caja General,13:21:28,13:21:28,13:22:29,00:01:00,00:00:40
317,Servicio al Cliente,13:21:35,13:21:35,13:24:42,00:03:07,00:00:06
318,ATM,13:21:53,13:21:53,13:22:21,00:00:28,00:00:18
319,ATM,13:22:09,13:22:09,13:23:15,00:01:05,00:00:15
320,ATM,13:22:11,13:22:11,13:23:26,00:01:14,00:00:02
321,Caja General,13:22:47,13:22:47,13:24:32,00:01:45,00:00:35
322,ATM,13:23:33,13:23:33,13:24:16,00:00:42,00:00:46
323,Caja General,13:24:11,13:24:11,13:26:42,00:02:31,00:00:37
324,Servicio al Cliente,13:25:19,13:25:19,13:28:37,00:03:17,00:01:08
325,Caja Preferencial,13:29:27,13:29:27,13:31:37,00:02:09,00:04:07
326,Servicio al Cliente,13:29:41,13:29:41,13:33:19,00:03:38,00:00:13
327,Servicio al Cliente,13:32:18,13:32:18,13:42:37,00:10:19,00:02:37
328,Caja General,13:32:21,13:32:21,13:35:22,00:03:00,00:00:02
329,Servicio al Cliente,13:32:24,13:32:24,13:34:30,00:02:06,00:00:03
330,Caja General,13:33:04,13:33:04,13:34:48,00:01:43,00:00:40
331,Caja General,13:33:39,13:33:39,13:34:38,00:00:58,00:00:34
332,Servicio al Cliente,13:34:25,13:34:25,13:35:17,00:00:52,00:00:46
333,Servicio al Cliente,13:36:04,13:36:04,13:40:05,00:04:00,00:01:39
334,Caja General,13:36:22,13:36:22,13:43:20,00:06:58,00:00:17
335,Caja Preferencial,13:36:31,13:36:31,13:41:17,00:04:46,00:00:09
336,Servicio al Cliente,13:37:12,13:37:12,13:40:43,00:03:31,00:00:40
337,Servicio al Cliente,13:37:27,13:37:27,13:44:58,00:07:31,00:00:15
338,Caja General,13:37:51,13:37:51,13:38:20,00:00:29,00:00:24
339,ATM,13:40:44,13:40:44,13:41:28,00:00:43,00:02:52
340,Servicio al Cliente,13:42:49,13:42:49,13:50:41,00:07:52,00:02:04
341,ATM,13:43:53,13:43:53,13:44:09,00:00:15,00:01:03
342,Caja General,13:44:34,13:44:34,13:49:00,00:04:26,00:00:40
343,ATM,13:44:42,13:44:42,13:45:16,00:00:33,00:00:08
344,ATM,13:46:17,13:46:17,13:46:52,00:00:34,00:01:34
345,ATM,13:46:26,13:46:26,13:47:13,00:00:46,00:00:09
346,Caja Preferencial,13:47:06,13:47:06,13:50:10,00:03:04,00:00:39
347,Caja Preferencial,13:47:07,13:47:07,13:48:05,00:00:57,00:00:01
348,Servicio al Cliente,13:47:46,13:47:46,13:49:47,00:02:00,00:00:38
349,Caja Preferencial,13:47:53,13:47:53,13:49:31,00:01:38,00:00:06
350,Caja General,13:47:56,13:47:56,13:54:22,00:06:26,00:00:03
351,ATM,13:48:24,13:48:24,13:49:23,00:00:58,00:00:27
352,Caja General,13:48:42,13:48:42,13:51:20,00:02:37,00:00:18
353,Caja Preferencial,13:49:28,13:49:28,13:51:24,00:01:56,00:00:45
354,ATM,13:49:35,13:49:35,13:50:09,00:00:34,00:00:07
355,Caja General,13:50:04,13:50:04,13:50:46,00:00:41,00:00:29
356,Caja General,13:50:15,13:50:15,13:54:29,00:04:13,00:00:10
357,ATM,13:50:17,13:50:17,13:50:37,00:00:20,00:00:01
358,Caja Preferencial,13:50:37,13:50:37,13:52:28,00:01:51,00:00:20
359,Caja General,13:50:54,13:50:54,13:54:03,00:03:09,00:00:16
360,Servicio al Cliente,13:53:28,13:53:28,13:56:23,00:02:54,00:02:34
361,Caja General,13:53:32,13:53:32,13:57:13,00:03:40,00:00:04
362,Caja General,13:54:14,13:54:14,14:01:14,00:06:59,00:00:41
363,Servicio al Cliente,13:55:37,13:55:37,14:02:14,00:06:36,00:01:22
364,ATM,13:55:47,13:55:47,13:56:01,00:00:13,00:00:10
365,ATM,13:55:49,13:55:49,13:56:50,00:01:01,00:00:01
366,Caja Preferencial,13:56:53,13:56:53,13:59:06,00:02:13,00:01:04
367,Servicio al Cliente,13:57:07,13:57:07,14:03:30,00:06:23,00:00:14
368,Caja Preferencial,13:57:48,13:57:48,13:58:57,00:01:08,00:00:41
369,Servicio al Cliente,13:59:13,13:59:13,14:01:10,00:01:57,00:01:24
370,Caja General,13:59:20,13:59:20,14:02:05,00:02:44,00:00:06
371,Caja General,14:00:11,14:00:11,14:01:13,00:01:01,00:00:50
372,Servicio al Cliente,14:00:26,14:00:26,14:04:15,00:03:48,00:00:15
373,Caja General,14:00:55,14:00:55,14:04:15,00:03:19,00:00:28
374,Caja General,14:01:44,14:01:44,14:03:12,00:01:27,00:00:49
375,ATM,14:05:35,14:05:35,14:05:47,00:00:12,00:03:50
376,Caja General,14:06:17,14:06:17,14:06:49,00:00:32,00:00:41
377,Servicio al Cliente,14:06:28,14:06:28,14:08:57,00:02:28,00:00:10
378,Servicio al Cliente,14:07:15,14:07:15,14:09:13,00:01:57,00:00:47
379,Caja General,14:08:07,14:08:07,14:09:30,00:01:23,00:00:51
380,Caja Preferencial,14:08:11,14:08:11,14:08:33,00:00:21,00:00:04
381,Servicio al Cliente,14:09:00,14:09:00,14:16:50,00:07:49,00:00:48
382,Servicio al Cliente,14:09:53,14:09:53,14:13:09,00:03:16,00:00:52
383,ATM,14:12:38,14:12:38,14:13:01,00:00:22,00:02:45
384,Caja Preferencial,14:12:39,14:12:39,14:13:06,00:00:27,00:00:00
385,Caja General,14:16:54,14:16:54,14:18:44,00:01:49,00:04:15
386,Caja General,14:17:45,14:17:45,14:18:45,00:00:59,00:00:50
387,Caja General,14:17:57,14:17:57,14:19:05,00:01:07,00:00:11
388,Caja General,14:19:38,14:19:38,14:26:40,00:07:02,00:01:41
389,ATM,14:19:48,14:19:48,14:19:59,00:00:11,00:00:09
390,Caja General,14:20:23,14:20:23,14:22:00,00:01:36,00:00:34
391,Caja General,14:21:48,14:21:48,14:22:55,00:01:07,00:01:25
392,ATM,14:23:56,14:23:56,14:24:26,00:00:29,00:02:07
393,Caja General,14:25:00,14:25:00,14:28:03,00:03:03,00:01:04
394,ATM,14:28:21,14:28:21,14:28:51,00:00:29,00:03:21
395,ATM,14:30:54,14:30:54,14:31:04,00:00:09,00:02:32
396,Caja General,14:31:14,14:31:14,14:32:49,00:01:34,00:00:19
397,Caja General,14:34:41,14:34:41,14:38:15,00:03:34,00:03:27
398,ATM,14:38:37,14:38:37,14:39:26,00:00:48,00:03:56
399,Servicio al Cliente,14:39:35,14:39:35,14:48:40,00:09:04,00:00:58
400,Servicio al Cliente,14:42:39,14:42:39,14:43:54,00:01:15,00:03:03
401,ATM,14:43:19,14:43:19,14:43:34,00:00:14,00:00:40
402,ATM,14:44:34,14:44:34,14:45:07,00:00:32,00:01:15
403,Servicio al Cliente,14:44:48,14:44:48,14:47:09,00:02:20,00:00:14
404,Caja General,14:44:50,14:44:50,14:47:24,00:02:34,00:00:01
405,Caja General,14:44:56,14:44:56,14:48:39,00:03:43,00:00:06
406,Caja General,14:48:33,14:48:33,14:52:16,00:03:42,00:03:36
407,Caja General,14:48:34,14:48:34,14:49:32,00:00:57,00:00:00
408,Caja General,14:51:23,14:51:23,14:54:41,00:03:18,00:02:48
409,ATM,14:52:22,14:52:22,14:52:51,00:00:29,00:00:58
410,ATM,14:53:23,14:53:23,14:53:46,00:00:22,00:01:00
411,Caja General,14:53:34,14:53:34,14:54:23,00:00:49,00:00:10
412,ATM,14:56:30,14:56:30,14:57:35,00:01:04,00:02:56
413,Caja General,14:57:04,14:57:04,15:03:10,00:06:05,00:00:34
414,Caja General,14:57:44,14:57:44,14:58:43,00:00:59,00:00:39
415,Caja General,14:57:45,14:57:45,15:00:22,00:02:37,00:00:01
416,Caja Preferencial,14:58:52,14:58:52,15:02:05,00:03:13,00:01:07
417,ATM,14:59:08,14:59:08,14:59:33,00:00:24,00:00:16
418,Caja General,14:59:29,14:59:29,15:00:49,00:01:20,00:00:20
419,ATM,14:59:48,14:59:48,15:01:16,00:01:28,00:00:18
420,Caja General,15:00:04,15:00:04,15:01:02,00:00:57,00:00:16
421,ATM,15:00:10,15:00:10,15:00:40,00:00:29,00:00:05
422,Caja General,15:00:42,15:00:42,15:05:21,00:04:39,00:00:31
423,ATM,15:01:08,15:01:08,15:01:49,00:00:41,00:00:25
424,ATM,15:03:06,15:03:06,15:03:43,00:00:36,00:01:58
425,Servicio al Cliente,15:03:40,15:03:40,15:05:47,00:02:06,00:00:34
426,Caja General,15:03:50,15:03:50,15:07:29,00:03:39,00:00:09
427,Caja Preferencial,15:04:11,15:04:11,15:07:15,00:03:04,00:00:21
428,ATM,15:04:15,15:04:15,15:05:12,00:00:57,00:00:04
429,ATM,15:05:04,15:05:04,15:05:57,00:00:52,00:00:49
430,Caja General,15:05:06,15:05:06,15:08:46,00:03:39,00:00:01
431,Caja Preferencial,15:08:19,15:08:19,15:09:19,00:01:00,00:03:13
432,ATM,15:09:06,15:09:06,15:09:49,00:00:43,00:00:46
433,ATM,15:10:07,15:10:07,15:11:00,00:00:52,00:01:01
434,ATM,15:10:12,15:10:12,15:10:31,00:00:19,00:00:04
435,Caja General,15:13:33,15:13:33,15:16:59,00:03:25,00:03:21
436,Caja General,15:14:28,15:14:28,15:15:27,00:00:58,00:00:54
437,Caja General,15:16:46,15:16:46,15:19:34,00:02:47,00:02:17
438,Servicio al Cliente,15:19:58,15:19:58,15:22:29,00:02:30,00:03:11
439,Caja General,15:20:06,15:20:06,15:21:41,00:01:34,00:00:08
440,Caja General,15:21:19,15:21:19,15:24:59,00:03:39,00:01:12
441,Servicio al Cliente,15:21:45,15:21:45,15:24:21,00:02:36,00:00:26
442,Caja General,15:22:32,15:22:32,15:27:35,00:05:03,00:00:46
443,Caja General,15:24:05,15:24:05,15:27:36,00:03:31,00:01:33
444,ATM,15:24:19,15:24:19,15:25:24,00:01:05,00:00:14
445,Servicio al Cliente,15:25:21,15:25:21,15:36:01,00:10:40,00:01:01
446,ATM,15:25:25,15:25:25,15:26:03,00:00:37,00:00:04
447,Caja General,15:26:23,15:26:23,15:27:36,00:01:12,00:00:57
448,ATM,15:26:35,15:26:35,15:27:09,00:00:33,00:00:11
449,Servicio al Cliente,15:29:20,15:29:20,15:32:32,00:03:11,00:02:45
450,ATM,15:30:17,15:30:17,15:31:16,00:00:58,00:00:56
451,Caja Preferencial,15:30:58,15:30:58,15:32:41,00:01:42,00:00:41
452,Servicio al Cliente,15:31:19,15:31:19,15:34:15,00:02:56,00:00:20
453,Caja Preferencial,15:32:12,15:32:12,15:32:47,00:00:35,00:00:53
454,Caja General,15:32:52,15:32:52,15:35:12,00:02:20,00:00:39
455,Caja Preferencial,15:33:15,15:33:15,15:35:33,00:02:18,00:00:23
456,Caja General,15:33:19,15:33:19,15:33:30,00:00:10,00:00:04
457,ATM,15:33:38,15:33:38,15:34:10,00:00:31,00:00:18
458,Caja Preferencial,15:34:16,15:34:16,15:35:00,00:00:43,00:00:38
459,Caja General,15:35:01,15:35:01,15:35:46,00:00:45,00:00:44
460,Caja General,15:35:42,15:35:42,15:37:02,00:01:19,00:00:41
461,Caja Preferencial,15:36:11,15:36:11,15:37:24,00:01:13,00:00:28
462,Caja General,15:36:19,15:36:19,15:37:33,00:01:14,00:00:08
463,Caja Preferencial,15:36:38,15:36:38,15:37:56,00:01:18,00:00:19
464,Caja General,15:37:54,15:37:54,15:42:26,00:04:31,00:01:16
465,Servicio al Cliente,15:38:10,15:38:10,15:38:53,00:00:43,00:00:15
466,Caja Preferencial,15:38:14,15:38:14,15:39:03,00:00:49,00:00:04
467,ATM,15:38:28,15:38:28,15:38:51,00:00:23,00:00:13
468,ATM,15:38:53,15:38:53,15:39:53,00:00:59,00:00:25
469,ATM,15:38:56,15:38:56,15:39:33,00:00:37,00:00:02
470,Caja General,15:39:03,15:39:03,15:40:36,00:01:32,00:00:07
471,Caja General,15:39:48,15:39:48,15:40:35,00:00:46,00:00:45
472,Caja Preferencial,15:39:49,15:39:49,15:40:06,00:00:16,00:00:00
473,Caja General,15:40:58,15:40:58,15:43:25,00:02:27,00:01:08
474,Caja General,15:41:08,15:41:08,15:42:38,00:01:30,00:00:09
475,ATM,15:41:41,15:41:41,15:42:45,00:01:04,00:00:32
476,Servicio al Cliente,15:42:56,15:42:56,15:44:59,00:02:03,00:01:15
477,Caja General,15:42:58,15:42:58,15:44:04,00:01:06,00:00:02
478,Caja General,15:43:08,15:43:08,15:43:40,00:00:32,00:00:09
479,Caja Preferencial,15:44:00,15:44:00,15:45:37,00:01:36,00:00:52
480,Caja General,15:44:59,15:44:59,15:46:38,00:01:39,00:00:59
481,Servicio al Cliente,15:45:04,15:45:04,15:49:59,00:04:54,00:00:05
482,Servicio al Cliente,15:45:19,15:45:19,15:49:02,00:03:43,00:00:14
483,Servicio al Cliente,15:46:09,15:46:09,15:56:43,00:10:34,00:00:50
484,Caja General,15:46:16,15:46:16,15:49:38,00:03:21,00:00:07
485,Servicio al Cliente,15:46:29,15:46:29,15:49:30,00:03:00,00:00:12
486,Servicio al Cliente,15:46:59,15:46:59,15:48:46,00:01:46,00:00:30
487,ATM,15:48:07,15:48:07,15:48:35,00:00:27,00:01:07
488,Caja General,15:48:54,15:48:54,15:52:19,00:03:24,00:00:46
489,Caja General,15:49:08,15:49:08,15:51:40,00:02:31,00:00:13
490,Caja General,15:49:30,15:49:30,15:51:05,00:01:35,00:00:21
491,ATM,15:50:17,15:50:17,15:51:21,00:01:03,00:00:47
492,Caja General,15:55:38,15:55:38,15:56:55,00:01:16,00:05:21
493,Servicio al Cliente,15:56:54,15:56:54,16:02:03,00:05:09,00:01:15
494,Servicio al Cliente,15:57:13,15:57:13,15:59:04,00:01:50,00:00:19
495,Servicio al Cliente,15:57:42,15:57:42,16:16:16,00:18:33,00:00:28
496,Caja General,15:57:56,15:57:56,16:05:04,00:07:07,00:00:13
497,Caja General,15:58:11,15:58:11,15:58:38,00:00:27,00:00:14
498,Caja Preferencial,15:58:25,15:58:25,15:59:27,00:01:01,00:00:14
499,Caja General,15:59:54,15:59:54,16:03:05,00:03:11,00:01:29
500,ATM,16:00:26,16:00:26,16:00:52,00:00:26,00:00:31
501,Caja Preferencial,16:00:29,16:00:29,16:01:29,00:01:00,00:00:02
502,ATM,16:00:31,16:00:31,16:01:01,00:00:29,00:00:02
503,Caja General,16:00:50,16:00:50,16:01:38,00:00:48,00:00:18
504,Caja General,16:01:26,16:01:26,16:05:19,00:03:52,00:00:36
505,ATM,16:02:24,16:02:24,16:03:00,00:00:36,00:00:57
506,Caja Preferencial,16:03:05,16:03:05,16:04:48,00:01:43,00:00:41
507,Caja General,16:03:56,16:03:56,16:05:57,00:02:01,00:00:50
508,Servicio al Cliente,16:05:13,16:05:13,16:06:42,00:01:29,00:01:16
509,ATM,16:05:29,16:05:29,16:06:12,00:00:43,00:00:15
510,Caja General,16:06:25,16:06:25,16:08:07,00:01:41,00:00:56
511,Caja General,16:06:59,16:06:59,16:12:07,00:05:07,00:00:34
512,Caja General,16:07:00,16:07:00,16:11:52,00:04:52,00:00:00
513,ATM,16:07:33,16:07:33,16:07:49,00:00:16,00:00:32
514,Caja Preferencial,16:08:15,16:08:15,16:09:53,00:01:38,00:00:42
515,Caja General,16:08:58,16:08:58,16:11:45,00:02:47,00:00:43
516,Caja General,16:10:29,16:10:29,16:11:56,00:01:27,00:01:30
517,Caja General,16:13:55,16:13:55,16:16:58,00:03:03,00:03:25
518,Caja General,16:14:34,16:14:34,16:16:49,00:02:15,00:00:38
519,Caja General,16:16:52,16:16:52,16:21:49,00:04:57,00:02:17
520,Caja General,16:17:54,16:17:54,16:21:15,00:03:21,00:01:02
521,Caja General,16:19:05,16:19:05,16:22:09,00:03:03,00:01:11
522,Servicio al Cliente,16:20:26,16:20:26,16:22:59,00:02:32,00:01:20
523,Servicio al Cliente,16:22:12,16:22:12,16:23:17,00:01:05,00:01:45
524,Servicio al Cliente,16:22:37,16:22:37,16:23:39,00:01:02,00:00:25
525,Caja General,16:23:23,16:23:23,16:25:01,00:01:38,00:00:46
526,Caja Preferencial,16:23:56,16:23:56,16:27:13,00:03:17,00:00:32
527,Caja Preferencial,16:25:01,16:25:01,16:27:00,00:01:58,00:01:05
528,Caja General,16:25:43,16:25:43,16:26:59,00:01:16,00:00:41
529,Caja General,16:25:50,16:25:50,16:28:41,00:02:50,00:00:06
530,Servicio al Cliente,16:26:47,16:26:47,16:32:53,00:06:05,00:00:57
531,ATM,16:27:35,16:27:35,16:28:54,00:01:19,00:00:47
532,ATM,16:28:09,16:28:09,16:29:12,00:01:03,00:00:34
533,Caja General,16:28:11,16:28:11,16:29:17,00:01:06,00:00:01
534,Caja General,16:28:26,16:28:26,16:30:06,00:01:39,00:00:15
535,Caja General,16:28:58,16:28:58,16:29:38,00:00:40,00:00:31
536,Caja General,16:30:47,16:30:47,16:35:19,00:04:32,00:01:48
537,Caja General,16:30:47,16:30:47,16:38:31,00:07:43,00:00:00
538,Caja General,16:32:02,16:32:02,16:35:30,00:03:27,00:01:15
539,Caja General,16:32:51,16:32:51,16:34:44,00:01:52,00:00:48
540,Servicio al Cliente,16:33:04,16:33:04,16:36:36,00:03:32,00:00:12
541,ATM,16:35:09,16:35:09,16:35:43,00:00:33,00:02:05
542,Caja General,16:35:19,16:35:19,16:39:25,00:04:05,00:00:09
543,ATM,16:35:19,16:35:19,16:36:18,00:00:59,00:00:00
544,ATM,16:35:24,16:35:24,16:36:04,00:00:40,00:00:04
545,Caja General,16:36:57,16:36:57,16:41:42,00:04:44,00:01:33
546,ATM,16:37:13,16:37:13,16:38:00,00:00:46,00:00:15
547,Caja General,16:37:59,16:37:59,16:38:36,00:00:36,00:00:46
548,Servicio al Cliente,16:39:01,16:39:01,16:42:12,00:03:11,00:01:01
549,Caja Preferencial,16:39:54,16:39:54,16:42:22,00:02:27,00:00:53
550,Caja General,16:42:08,16:42:08,16:45:46,00:03:37,00:02:14
551,Servicio al Cliente,16:42:28,16:42:28,16:55:52,00:13:24,00:00:19
552,ATM,16:42:32,16:42:32,16:43:24,00:00:51,00:00:04
553,Caja General,16:42:46,16:42:46,16:45:45,00:02:58,00:00:14
554,Caja General,16:43:48,16:43:48,16:48:50,00:05:02,00:01:01
555,Caja General,16:46:05,16:46:05,16:46:52,00:00:47,00:02:16
556,Caja General,16:46:26,16:46:26,16:47:56,00:01:30,00:00:21
557,ATM,16:46:26,16:46:26,16:47:11,00:00:45,00:00:00
558,ATM,16:47:10,16:47:10,16:47:23,00:00:13,00:00:43
559,ATM,16:47:14,16:47:14,16:48:02,00:00:48,00:00:03
560,ATM,16:47:54,16:47:54,16:48:19,00:00:24,00:00:40
561,Caja General,16:48:49,16:48:49,16:50:16,00:01:26,00:00:55
562,Caja General,16:49:07,16:49:07,16:50:37,00:01:30,00:00:17
563,Caja General,16:49:46,16:49:46,16:54:49,00:05:02,00:00:39
564,ATM,16:51:09,16:51:09,16:52:03,00:00:53,00:01:23
565,Servicio al Cliente,16:51:20,16:51:20,16:58:33,00:07:13,00:00:10
566,ATM,16:51:36,16:51:36,16:51:59,00:00:23,00:00:15
567,Caja General,16:51:43,16:51:43,16:53:28,00:01:44,00:00:07
568,Servicio al Cliente,16:53:02,16:53:02,16:59:40,00:06:37,00:01:19
569,ATM,16:53:46,16:53:46,16:55:33,00:01:46,00:00:44
570,Caja General,16:54:16,16:54:16,16:56:19,00:02:02,00:00:29
571,Servicio al Cliente,16:55:34,16:55:34,16:56:13,00:00:38,00:01:18
572,Caja General,16:55:57,16:55:57,16:58:21,00:02:23,00:00:23
573,Caja General,16:55:59,16:55:59,16:59:37,00:03:38,00:00:01
574,Servicio al Cliente,16:56:11,16:56:11,17:01:22,00:05:11,00:00:11
575,ATM,16:56:24,16:56:24,16:56:53,00:00:29,00:00:12
576,Servicio al Cliente,16:57:06,16:57:06,17:04:36,00:07:29,00:00:42
577,Caja General,16:57:19,16:57:19,17:02:10,00:04:51,00:00:12
578,Servicio al Cliente,16:59:16,16:59:16,17:14:46,00:15:29,00:01:57
579,Caja Preferencial,16:59:37,16:59:37,17:01:28,00:01:51,00:00:20
580,Caja General,16:59:42,16:59:42,17:00:28,00:00:45,00:00:05
